1_1_criteria,1_2_criteria,1_3_criteria,2_1_criteria,2_2_criteria,2_3_criteria,2_4_criteria,2_5_criteria,3_1_criteria,3_2_criteria,3_3_criteria,3_4_criteria,4_1_criteria,4_2_criteria,4_3_criteria,4_4_criteria,4_5_criteria,5_1_criteria,5_2_criteria,5_3_criteria,5_4_criteria,5_5_criteria,5_6_criteria,5_7_criteria,5_8_criteria,5_9_criteria,5_10_criteria,5_11_criteria
0.1815769460807935,0.09715723550420353,0.410213120290895,0.49452826274201034,0.4370694942045612,0.44397966557154667,0.20300778423997046,0.5253456387752201,0.2940996997729173,0.3972811759015401,0.2832103085854125,0.21921369811269975,0.2537469335792056,0.1458664102768073,0.20349165209199557,0.2185885740273481,0.23249323789613865,0.3876817298547868,0.43537727314336194,0.36207844643696036,0.5201340972205432,0.5218301743279303,0.3841936477080727,0.255173713676896,0.18703681602235145,0.46145199060933495,0.23863606053916475,0.1741531154327632
0.11921599034493571,0.10069952053801134,0.48094915048023296,0.5688075944212846,0.49325573038003845,0.37648649218302027,0.2528349173245981,0.6316529012194779,0.4338689141970959,0.3437588666110545,0.23699309626285114,0.2863879062167457,0.4463036045989175,0.3175920028245791,0.40636512632064037,0.24363278947631023,0.2623774418549055,0.43699110155711723,0.2450933797014626,0.502706785880698,0.5280305383686458,0.5964934222856019,0.2791628873263672,0.33349717480471486,0.22322059445903888,0.35715074021595505,0.33384716571922934,0.2019521250995418
0.11383910998062884,0.08679180637396613,0.29593609990296327,0.6665412812892435,0.4701056023351671,0.5025650809777336,0.3735363181274529,0.513473360745976,0.4552853114788423,0.25474799807670573,0.33412625342044167,0.21944973085506483,0.6431186136065407,0.3423476745141676,0.3758233133572523,0.04798402163110349,0.3604152498787115,0.371235243257425,0.21519144582625768,0.2633304911259598,0.28764824638201364,0.3866625833656524,0.12925901991882993,0.3641696523559055,0.30926967049004545,0.29502639747358184,0.2224001287315126,0.19251681168454324
0.07210911154895122,0.10896143976697678,0.2658254656658703,0.4586956213826636,0.3436253517443216,0.33374239983929604,0.2361965245852508,0.6085955489089202,0.28291784497842776,0.28994410496371215,0.14872362835682015,0.09725040581145103,0.4616080694359294,0.3633644771928747,0.3455763093298646,0.3128934364514128,0.4186061356753158,0.3801932166426534,0.33224015321129347,0.3658537700827754,0.18864389342568955,0.42568500929478076,0.3113030947562484,0.08899338183123878,0.08651064700911709,0.5608953623586568,0.0,0.0
0.19585287739459095,0.09715723550420353,0.46223291405978995,0.491056358395226,0.5008348080909937,0.4123871411683193,0.19800835079892923,0.5666686850920771,0.4092907943239624,0.4139391040670578,0.2696617366965183,0.21921369811269975,0.2537469335792056,0.36529484584162053,0.2704935852657834,0.3040419952858659,0.4857773919281399,0.2515729749701861,0.41081719983802145,0.3871673016677679,0.5021724727014389,0.4673741660834382,0.3841936477080727,0.255173713676896,0.18703681602235145,0.34213465311128144,0.25627879309912843,0.15103410879293308
0.08234014085107885,0.10808621828191073,0.20897614981809826,0.6960474508335721,0.5025181077774052,0.38718864553807775,0.2990350846317307,0.5884301283607468,0.3982433955422543,0.25474799807670573,0.23908502421887012,0.23326548947942688,0.5642685137568871,0.3044319978792566,0.3131217883009294,0.15848500093547588,0.43274251508764466,0.3306606169012812,0.323281650356375,0.3533013261419322,0.49612354625071275,0.5117542377170125,0.24425594612099788,0.19045652127270074,0.30299336210412214,0.5164922774559958,0.166140122274379,0.19251681168454324
0.09321548113636277,0.10255329417928016,0.41514252800754814,0.3916003425833542,0.43246714505119876,0.5166096599600318,0.2989992585715878,0.480371407173958,0.4057516496209642,0.3613484723462165,0.0,0.34948567611842063,0.27432817566163653,0.4493137298545612,0.49992554225823393,0.3347134949121442,0.3685616386360752,0.19437209917614415,0.30178719719937547,0.40145721700606546,0.4318157106277095,0.5418474954325097,0.3113998994805099,0.2988840464374924,0.3688989976348798,0.35781547567514926,0.22327321285072355,0.12128720129273284
0.15533434466111273,0.057221382803687215,0.45507089155790237,0.32684330030463454,0.5408051228008595,0.42223564301533356,0.3051800189701811,0.558531346291849,0.2623018734810892,0.3581054011651993,0.12439189406523653,0.263681319770661,0.241929131748835,0.47604657170966225,0.38184552649399606,0.43837680697031595,0.4035032650481793,0.24580974894397986,0.37318106084199093,0.37093376029565434,0.4090901572233545,0.441445244790901,0.24073049675385055,0.4628239525458879,0.33258671958895447,0.31684527130029105,0.27161864519299284,0.15280935898202994
0.09230836293015283,0.18631099153362105,0.520998507282345,0.34078491087046164,0.4963211078936729,0.4270564684254424,0.43280415708309117,0.42819797346591204,0.2876045143886614,0.4478948249902249,0.3224759790962022,0.323262742553506,0.2843512582656667,0.43277688795440566,0.31417958310822547,0.22559560298083425,0.40774867296956246,0.4046087532683156,0.3793278362535406,0.37093376029565434,0.2394185719756007,0.4085137132963702,0.21421535362173605,0.5488573559337849,0.4587978857842022,0.4155887622802998,0.27161864519299284,0.15280935898202994
0.11466633233892828,0.12768262074254907,0.3581432311673983,0.5544901207153666,0.4463106331372406,0.4468550155316606,0.36363682381535606,0.5429457425559835,0.3682751203278555,0.259065948680911,0.3285388218882164,0.32993541083578964,0.5938620711314263,0.49082460303943565,0.4981739742874493,0.4192856683020566,0.5225787174681267,0.5189665481253465,0.45610878784718867,0.4442805321135395,0.4435952213241974,0.45497912491973636,0.2111863427349545,0.29800741099075606,0.37926815946165626,0.5682718694369987,0.2414448786322723,0.24496565983235719
0.12101384425863501,0.16511414514357253,0.46153864179219856,0.49216918466285453,0.4883061326466569,0.4447635769039987,0.24989306856388774,0.33394159953952596,0.400060329467386,0.453787321432008,0.35072088103794696,0.2659174451971495,0.44021348419528605,0.20215870122179055,0.4515957907401861,0.3631447322214848,0.39814716270610767,0.37840588884319715,0.29549898095884475,0.39645031394873126,0.4068541924939708,0.6339382705227157,0.3279847754124824,0.2988840464374924,0.19473486095676346,0.193004277842363,0.27161864519299284,0.21371230629663338
0.07210911154895122,0.10896143976697678,0.42061063467573057,0.4749502295408455,0.3436253517443216,0.3758312137837594,0.2477934528247047,0.6085955489089202,0.39056329633557374,0.3591616437933507,0.16316380519630097,0.3131175733977541,0.4460814458822293,0.34979795921920165,0.3755274088275179,0.3267023781175636,0.44578029711785405,0.4174543077618586,0.33224015321129347,0.3601001238349769,0.4235170724517094,0.5418354246219496,0.27908734696904014,0.5253950170229369,0.42538952664753255,0.49999811217536944,0.32543058596043034,0.1345581320407932
0.17134537332313188,0.06123094334544521,0.39798901344758414,0.4749502295408455,0.3732127253460663,0.3758312137837594,0.2477934528247047,0.64912639551761,0.39056329633557374,0.3882870119544318,0.17511079929704806,0.31776730393038183,0.470512389546674,0.3153656247408681,0.4649240235293868,0.3267023781175636,0.44578029711785405,0.4174543077618586,0.33224015321129347,0.3819002996763138,0.4586144858871064,0.5715960378552912,0.27908734696904014,0.5253950170229369,0.42538952664753255,0.49999811217536944,0.2985489769391482,0.1434843956601371
0.12533093102658294,0.1695077164039517,0.45163992805970055,0.49898346591056875,0.5525962202547117,0.4716595923302037,0.24989306856388774,0.3565952534674279,0.400060329467386,0.453787321432008,0.36053591055974826,0.32052398612418187,0.43629859497418705,0.20376396218755283,0.4506554708915387,0.28920356989392104,0.3961518198683554,0.3864337790834314,0.3033154510423508,0.39645031394873126,0.3963593745080135,0.6339382705227157,0.3279847754124824,0.2988840464374924,0.17228706986092174,0.193004277842363,0.27161864519299284,0.21371230629663338
0.10892266397946321,0.16511414514357253,0.5227052033132502,0.4831436323181358,0.4883061326466569,0.4716595923302037,0.24989306856388774,0.39179066963898945,0.400060329467386,0.453787321432008,0.3589428511243974,0.2545541681525982,0.3872402921702998,0.20215870122179055,0.4515957907401861,0.3631447322214848,0.40313209864025057,0.37840588884319715,0.29123737308720865,0.39645031394873126,0.4068541924939708,0.6339382705227157,0.3279847754124824,0.2988840464374924,0.19473486095676346,0.193004277842363,0.27161864519299284,0.21371230629663338
0.12101384425863501,0.16511414514357253,0.46153864179219856,0.49216918466285453,0.4541624643573664,0.44800515446389044,0.4867765196073571,0.2714642762525031,0.45313006998986594,0.453787321432008,0.26317405065157057,0.3464292367207115,0.44021348419528605,0.20215870122179055,0.44368340958419417,0.3631447322214848,0.39669716441564845,0.36178448980584715,0.29770115723672796,0.3654820812307638,0.39894324553473337,0.6339382705227157,0.4322663124055411,0.2988840464374924,0.19473486095676346,0.193004277842363,0.27161864519299284,0.19208053682317613
0.12490242816450572,0.09715723550420353,0.27955646502972814,0.4930206905075209,0.36305395898802045,0.42797952378912496,0.29626517150620274,0.5732670468665624,0.42258904459244556,0.3401045834159385,0.07772548321066026,0.3984961998838857,0.43620371054169854,0.27667115676840454,0.30904487016313004,0.3069547989005465,0.38642260040784265,0.4786281819537636,0.3101774067147196,0.4155258769972003,0.16199307099926952,0.48772959364584934,0.2642973889338161,0.3470124903357518,0.33158778790357424,0.30543976776442106,0.40017224276792845,0.09475033808618992
0.1255120788883728,0.14587439082056455,0.33156583846242604,0.5815054355041109,0.3738165041823087,0.5725166443355059,0.2525920304242445,0.5728876456974907,0.31005634685815286,0.30903354442471986,0.24376485117851115,0.365249996174119,0.4186551457690834,0.35633364389387423,0.4268567528813151,0.39309127307720426,0.37571183630873145,0.43475145027820633,0.3909232628400515,0.3950960719741404,0.400364787469793,0.4598743046455837,0.24019987245168312,0.4744181136891905,0.3221075829603751,0.30805156853043414,0.3220104069820765,0.0841232235635222
0.11796511990256052,0.16511414514357253,0.45676349947167505,0.5190020173298546,0.5525962202547117,0.5220300098392805,0.24989306856388774,0.44018842028407645,0.32939513807718035,0.4374345596061207,0.43006400877731654,0.4408593989044544,0.18606797770189537,0.2665362363734578,0.4903102122888788,0.24766372228801187,0.3822863721655189,0.4268718216338162,0.2736448143569016,0.3329057626339056,0.3777668602858523,0.3077273377413338,0.2800858940501137,0.21809731898901794,0.4029918380496521,0.22880642118259337,0.3196528728928867,0.11520754510196797
0.18089743951762377,0.08335364040983828,0.42061063467573057,0.4586956213826636,0.3732127253460663,0.33374239983929604,0.2477934528247047,0.5994199608603968,0.3986435052850033,0.3591616437933507,0.16316380519630097,0.31919488727912226,0.470512389546674,0.35401282336978207,0.3751099954643394,0.3267023781175636,0.4708159398555856,0.3801932166426534,0.33224015321129347,0.3411846692868627,0.2995842706604025,0.42568500929478076,0.3057262018546989,0.5253950170229369,0.44018006947886307,0.49999811217536944,0.2985489769391482,0.19550456988935677
0.11822075941925488,0.10084939331163256,0.534076092133583,0.4570457765093306,0.5874668209357694,0.4271666099375454,0.5169128394846285,0.4789965887945291,0.38608534695478974,0.404333191249885,0.29561331343408154,0.2998237982272514,0.5608251500284241,0.4406089443260133,0.5286275097139339,0.4159595478254448,0.45946668074659774,0.47550787675589795,0.2724375893150869,0.30540852365208654,0.33775770646225906,0.5660542407232385,0.2694512220104569,0.3433102856350424,0.17366345471832462,0.3506229520494296,0.393728104561141,0.16585953216334165
0.09474622555900082,0.13049436152984825,0.47283230114538644,0.27769689324953273,0.48709123909964447,0.4270564684254424,0.43280415708309117,0.3788571057454115,0.27237797351563364,0.33568748484818156,0.3366293966772912,0.2912285432312376,0.42317259137172886,0.3432711158656818,0.3251686803849227,0.22559560298083425,0.3449352791614575,0.4164330407857226,0.4160994076719695,0.3580081832240327,0.3487706764507498,0.4712082137471906,0.2364544906027546,0.5082760853475744,0.4364304845463839,0.18596011111811184,0.27161864519299284,0.24496565983235719
0.14392553086717508,0.13049436152984825,0.4199233200693048,0.6923913393124237,0.6569913829026754,0.374084511527168,0.4598625317318279,0.6918935895175317,0.48139426868744895,0.560201016092238,0.3048645189964903,0.258541723974153,0.5735722249460046,0.39060546470948443,0.43473072202661894,0.23353760671377302,0.4059854228393555,0.45336367533786276,0.33331695308495735,0.44810249414760367,0.4280599813710056,0.6617095494860386,0.19852297019402665,0.18030857095751318,0.45546390004673243,0.5475516516649107,0.20168792307977837,0.04652108703782748
0.12417628899843544,0.12555955809302688,0.6191262429278612,0.4280819961354665,0.4641109284984491,0.45786001056187076,0.31330663027975,0.5252795511086047,0.43602552296806935,0.46025894443484144,0.49518495735649803,0.40224313968087366,0.4751522171754732,0.39794993624290337,0.5085589637926875,0.25164905163455203,0.46959304118372386,0.47294303495078827,0.35849562804935053,0.4464820624152407,0.5244696790622344,0.5393284925786469,0.20054696373465403,0.12977181239551144,0.4548361760442907,0.4847780524551193,0.3332895734452964,0.16384315350851844
0.21143728306203355,0.09715723550420353,0.41632811318707647,0.4999110014994171,0.4147751037456957,0.4410216920699367,0.2044052079007192,0.5532071371352707,0.2940996997729173,0.3972811759015401,0.2832103085854125,0.21921369811269975,0.2537469335792056,0.34431546373473754,0.26756894429495676,0.29677649027745684,0.4857773919281399,0.2782823174435015,0.41392333599932285,0.3871673016677679,0.4841700035401853,0.4484318626656893,0.3841936477080727,0.255173713676896,0.18703681602235145,0.46145199060933495,0.23863606053916475,0.1741531154327632
0.1057540881379787,0.07498114414183245,0.4558215579130752,0.587728633122538,0.317187693958206,0.3958949148562248,0.34316002235642634,0.6422104794007892,0.4946039374051318,0.40025327020848467,0.11304561203792751,0.45771040739682145,0.4744809280384799,0.3382475437251151,0.36449808035688586,0.27477694577970097,0.4342570441410807,0.39200500847758124,0.31749308149764677,0.46068828228552394,0.5230569873088393,0.4487794560163423,0.2802586614083789,0.5499259233395406,0.5142046942929618,0.4110162723002235,0.35263984966040424,0.08547512187675062
0.1270476282798835,0.10620876142712818,0.20897614981809826,0.7003015623705757,0.5135136964971143,0.3740806814728406,0.308473115229905,0.5820502301374805,0.4061505124553785,0.25474799807670573,0.33412625342044167,0.2285656148412736,0.6475515674268179,0.3417480375573206,0.2398299147000719,0.16350755857943,0.3951673382351071,0.3590786299064448,0.323281650356375,0.3897426635866499,0.41910372467325113,0.5890113212160948,0.24880065286543274,0.19045652127270074,0.30299336210412214,0.4354841846706661,0.2279611070288641,0.18435554192630074
0.16474505234680653,0.10561183683203632,0.4699936854469538,0.28743216905016233,0.5622124946914329,0.46295606620370056,0.35410578403896903,0.4379081894696232,0.3481897613967078,0.41554144475713345,0.17388399465515103,0.29638332161937764,0.2832971514264855,0.28819248917515883,0.4903102122888788,0.24766372228801187,0.3774316598124841,0.36928414255544806,0.25119610449715424,0.3329057626339056,0.3777668602858523,0.29644130317350903,0.2800858940501137,0.204056708842691,0.4029918380496521,0.22880642118259337,0.3196528728928867,0.04685268895898171
0.11159398991344606,0.12768262074254907,0.3581432311673983,0.5544901207153666,0.4463106331372406,0.4468550155316606,0.36363682381535606,0.5429457425559835,0.3682751203278555,0.259065948680911,0.3285388218882164,0.32993541083578964,0.5938620711314263,0.49082460303943565,0.4981739742874493,0.4192856683020566,0.5225787174681267,0.5189665481253465,0.45610878784718867,0.43989476817803097,0.4435952213241974,0.45497912491973636,0.2111863427349545,0.29800741099075606,0.37926815946165626,0.5682718694369987,0.2414448786322723,0.24496565983235719
0.12302907930420637,0.05503243674031636,0.4707356579384773,0.7018581747234437,0.5255168591032958,0.3627772652390239,0.3236524550639753,0.6184403780264507,0.3202870946230062,0.3459796233328201,0.07238153852757397,0.22874771905866823,0.26972879645223397,0.2670908632490209,0.1462143065359479,0.23790362334099902,0.2583089803166794,0.42600707976265684,0.22231628220876265,0.40194636541139894,0.40399899447097676,0.5110414610949547,0.2379647698583521,0.3186863190590355,0.3447054951038065,0.2907897512538866,0.16654680458405438,0.16435876017211515
0.164133686796617,0.165958988718455,0.5264814762264997,0.37484672431484184,0.4963211078936729,0.5026864669623046,0.43021831376402986,0.5331552285613386,0.2384544494627257,0.3173018787623026,0.41490309890319127,0.32865814761924056,0.4714919482307648,0.43277688795440566,0.31417958310822547,0.3320235285376842,0.4035032650481793,0.3854212193688088,0.3793278362535406,0.37093376029565434,0.2394185719756007,0.4005570180259494,0.1787739148799036,0.4649520840930412,0.4635638945249338,0.4155887622802998,0.27161864519299284,0.2610904428544345
0.24539671599919172,0.14822333620713915,0.3414920594778392,0.4906919767379496,0.3257980044370252,0.3495999978193668,0.2114342898659103,0.45465715104271404,0.3747440098106982,0.39323153606093864,0.27723313658779997,0.20684203489072833,0.43620371054169854,0.3629172793769834,0.403473260783427,0.41446317960121337,0.40502295227166435,0.5089587460128252,0.38671636482989,0.3849725997840082,0.18424559240632293,0.3053462813418339,0.243891141068214,0.20688564673253756,0.15029463534971868,0.3311576484319182,0.23863606053916475,0.20833473403399513
0.08712502771033871,0.0894241355025991,0.5391876775508533,0.298551532197715,0.4963211078936729,0.46607030324467946,0.44358777594876353,0.6770385298442825,0.49306221801389877,0.3173018787623026,0.4157040155251688,0.44649577164609855,0.34041723006451713,0.24445445204048535,0.4750159261320141,0.29876482414062,0.3921444529381914,0.5304408033478365,0.35849562804935053,0.26938331669624355,0.4326439634321126,0.5685776084133265,0.1894765722197278,0.4751478400182379,0.4736005354197099,0.622439676986665,0.4553831032498045,0.22070124002657573
0.1270476282798835,0.10620876142712818,0.20897614981809826,0.6381566657217391,0.4660930832629783,0.475271530969505,0.4835788357380736,0.5333445344071729,0.4552853114788423,0.25474799807670573,0.33412625342044167,0.2343715373949316,0.640923738609886,0.33367724506925006,0.43497807866691535,0.07895033628866127,0.3951673382351071,0.45770989375434507,0.20678222520511133,0.2815841486243361,0.44630310874045315,0.383183733845444,0.24425594612099788,0.19045652127270074,0.30299336210412214,0.48091739311956416,0.24696861877122103,0.18435554192630074
0.1102954757214994,0.029703681812407477,0.20897614981809826,0.6632119619843697,0.4660930832629783,0.5025650809777336,0.3735363181274529,0.513473360745976,0.4552853114788423,0.25474799807670573,0.33412625342044167,0.21944973085506483,0.6431186136065407,0.3423476745141676,0.42475444830989556,0.04798402163110349,0.37624214225265,0.36166053676746657,0.1445962369166471,0.2633304911259598,0.28764824638201364,0.3866625833656524,0.12925901991882993,0.3641696523559055,0.30926967049004545,0.2921160632557194,0.21962440716749865,0.19251681168454324
0.09717657273145669,0.2941106617101239,0.428240483590749,0.532056465988285,0.5273541550259814,0.39794065914770466,0.42045452848241605,0.5155798519864732,0.3794177510102714,0.3001525254830101,0.2384676772271116,0.3436903638635171,0.44063561955992475,0.4410722884239487,0.35347803770146713,0.26090909137917884,0.4380910350392767,0.4769321614265601,0.40757653778232283,0.25957898008493835,0.48692339424324077,0.4849088953214587,0.26054687942375704,0.4559318899122944,0.39065241778744286,0.28945137589533215,0.454664973040378,0.04898873628787633
0.13053941471104502,0.10618765800714057,0.5287830481955722,0.3002879565279289,0.39068009218229427,0.48315841383960423,0.4241328840044338,0.49471268145925335,0.3658499418914154,0.3173018787623026,0.2815883698296296,0.44352898997088663,0.6025855215793255,0.4704839081477907,0.44624947520013125,0.20100249487955907,0.4668939041178333,0.4390006136672061,0.3031200603909492,0.4147240742709442,0.5135269463142147,0.5953020539154752,0.20119063587754143,0.46331693059860873,0.5876025437567475,0.6011939603936238,0.35832511069339473,0.24496565983235719
0.14625184140362324,0.08497113195387296,0.4698440429115508,0.5404914771417968,0.4665566914837389,0.5583733702899473,0.2028918130005326,0.6861580151527287,0.3486538240610253,0.26146699875364254,0.2818257990491436,0.2689377351538716,0.44964112441198095,0.32758167344369366,0.40387367796124496,0.23498635236099172,0.4555182285337678,0.4053842143830848,0.47736590247074784,0.39359559637945524,0.5437016220557191,0.5433403548532186,0.2715604715887671,0.39104574185721674,0.1697940082795054,0.32126815776005035,0.3412064242468866,0.19251295165178386
0.21143728306203355,0.09715723550420353,0.3970599288610273,0.4999110014994171,0.37969640112911085,0.40075769874501765,0.2072320600882001,0.5646811564961499,0.2940996997729173,0.3972811759015401,0.2832103085854125,0.2147878659640106,0.2313815812280708,0.3729144997752866,0.3524285173941272,0.31266600415736695,0.43099567515647347,0.4567337598958839,0.4536888923422024,0.3871673016677679,0.4619417590929167,0.46711983336476115,0.2703894906250548,0.27147432065447147,0.18703681602235145,0.46870477423902784,0.23863606053916475,0.14356342305453856
0.12090263966222176,0.08594728421331727,0.3382100226895265,0.47498512292863904,0.4694688051187069,0.47926228263308984,0.07725741211434513,0.32589288508495656,0.3521282888988263,0.41700780828273926,0.3826215960162035,0.1793488786751857,0.31154218454433485,0.3727427675665143,0.30161153782424954,0.36164773627014196,0.40912738796440234,0.4109617587042438,0.237602452825634,0.38572820111959105,0.3096231468433585,0.4953133692796591,0.1498965066446878,0.5185174524142383,0.3785883827747222,0.31611746443083694,0.4602113256692144,0.2610904428544345
0.0923108836780895,0.1062001602088987,0.5878951235293415,0.5150414054565189,0.5173016546079598,0.42778226004739955,0.39922878572162,0.3816163425357566,0.440648650372741,0.30706179346644047,0.2798322745334727,0.23755287250254256,0.4016340954583104,0.2618782435728106,0.43266970371211577,0.352107436709751,0.40513566471448687,0.3902155264738272,0.3243437062079398,0.28081319490339235,0.4236398014711231,0.7215188969447035,0.3279847754124824,0.27103999099560455,0.3224500958493093,0.4721736234317152,0.6346089877368852,0.18552315972089253
0.1937928774518859,0.09715723550420353,0.27310900519440945,0.4930206905075209,0.36305395898802045,0.4116138423978035,0.30787659602652095,0.539301880954455,0.44960727254123634,0.37952886692402965,0.07772548321066026,0.3984961998838857,0.43620371054169854,0.27667115676840454,0.30904487016313004,0.3069547989005465,0.38642260040784265,0.4786281819537636,0.3101774067147196,0.4155258769972003,0.16199307099926952,0.48772959364584934,0.25836827633825854,0.3600604629924703,0.3543805529799269,0.30543976776442106,0.40017224276792845,0.09475033808618992
0.12221286064783786,0.10255329417928016,0.42220401108151884,0.357940892297044,0.3619629141127573,0.45603593908856377,0.34086417320068607,0.3463698077875562,0.40927625787200234,0.38421200771702924,0.2854936096917303,0.20931985329679093,0.27227944371914514,0.3170942240208437,0.19853506917147024,0.32306533932847414,0.22426132010009048,0.2389778209175154,0.2850267075259052,0.39180930018718163,0.2881197960620926,0.555732748831712,0.28290554359368614,0.2988840464374924,0.3856826094200554,0.2263519731228441,0.23583102596195277,0.12128720129273284
0.10892266397946321,0.16511414514357253,0.5227052033132502,0.4831436323181358,0.4883061326466569,0.4716595923302037,0.24989306856388774,0.36314628254714254,0.400060329467386,0.453787321432008,0.3393829267048798,0.2659174451971495,0.40156216799578254,0.20215870122179055,0.44368340958419417,0.3631447322214848,0.4116357110509177,0.3003251503182783,0.2993212160036982,0.40823696255811526,0.4068541924939708,0.6339382705227157,0.3279847754124824,0.2988840464374924,0.1390563278510482,0.20883581471406595,0.27161864519299284,0.21371230629663338
0.0834558327590108,0.12647323090177523,0.2313771051928599,0.4737981721794427,0.526535001828188,0.40745535105162894,0.25215981892669087,0.5749050773438373,0.21178626276062834,0.23293821841893858,0.25334262068824004,0.27271417549867777,0.4883574871733009,0.43602791217967557,0.38260273898436914,0.40629575696558107,0.49460000763517,0.485046761606249,0.4023659440602242,0.2799493507418595,0.44797235451018863,0.4002310611377696,0.2541098415087514,0.4314224117095126,0.22841392502509505,0.48045761345868054,0.31759889735724045,0.15179940407012843
0.11796511990256052,0.16511414514357253,0.45676349947167505,0.5190020173298546,0.5525962202547117,0.5220300098392805,0.24989306856388774,0.44018842028407645,0.32939513807718035,0.4374345596061207,0.43006400877731654,0.4408593989044544,0.18606797770189537,0.2665362363734578,0.4903102122888788,0.24766372228801187,0.3822863721655189,0.4268718216338162,0.2736448143569016,0.3329057626339056,0.3777668602858523,0.3077273377413338,0.2800858940501137,0.21809731898901794,0.4029918380496521,0.22880642118259337,0.3196528728928867,0.11520754510196797
0.12221286064783786,0.10255329417928016,0.4929125544264178,0.2959079133033354,0.37158656599992257,0.4505404707353446,0.3482955739244278,0.24260059161860723,0.5253989710864772,0.3504762999923233,0.19374175481383513,0.2228341218333019,0.4025025276333294,0.3170942240208437,0.23678287257929534,0.32306533932847414,0.22426132010009048,0.2389778209175154,0.2850267075259052,0.39180930018718163,0.24937303159836394,0.5153632231334261,0.28290554359368614,0.2988840464374924,0.3856826094200554,0.2263519731228441,0.23583102596195277,0.12128720129273284
0.10892266397946321,0.16511414514357253,0.5227052033132502,0.4831436323181358,0.4883061326466569,0.4716595923302037,0.24989306856388774,0.39179066963898945,0.400060329467386,0.453787321432008,0.3589428511243974,0.2545541681525982,0.38623631931349145,0.20215870122179055,0.44368340958419417,0.3631447322214848,0.40313209864025057,0.24704943273743676,0.2933449629218444,0.3732138984896819,0.4068541924939708,0.6339382705227157,0.3279847754124824,0.2988840464374924,0.19473486095676346,0.193004277842363,0.27161864519299284,0.21371230629663338
0.14098471944002,0.10255329417928016,0.2952402293070075,0.29928823899870866,0.20290469644384657,0.44438806526266617,0.3394851472603871,0.21828150399634844,0.14150655112604812,0.14622118942913453,0.6084364715814133,0.3110647498161029,0.2599448905491489,0.15535248209584618,0.2571523256048888,0.07185645919221013,0.18886227321131527,0.30424414514160736,0.19074705950556153,0.36373680636692557,0.25126240000053046,0.019606599392799694,0.2540598635694901,0.2988840464374924,0.41614376935083314,0.3280602660936361,0.2833031597054226,0.05608030823099698
0.12533093102658294,0.1695077164039517,0.45163992805970055,0.49898346591056875,0.5525962202547117,0.4716595923302037,0.24989306856388774,0.3565952534674279,0.400060329467386,0.453787321432008,0.39660550308279846,0.32052398612418187,0.43629859497418705,0.20376396218755283,0.4506554708915387,0.28920356989392104,0.3961518198683554,0.3864337790834314,0.31989753233018825,0.3828430001468994,0.3963593745080135,0.6339382705227157,0.3279847754124824,0.2988840464374924,0.17228706986092174,0.193004277842363,0.27161864519299284,0.21371230629663338
0.12101384425863501,0.16511414514357253,0.46153864179219856,0.44639433806300843,0.3894840873015512,0.4333533228526979,0.4867765196073571,0.2714642762525031,0.4803683032091727,0.453787321432008,0.2766439820158704,0.3464292367207115,0.44021348419528605,0.20215870122179055,0.44368340958419417,0.3631447322214848,0.39669716441564845,0.25656960395543144,0.3182440250093379,0.36968519714725506,0.39894324553473337,0.5633609932083866,0.4322663124055411,0.2988840464374924,0.19473486095676346,0.193004277842363,0.27161864519299284,0.19208053682317613
0.13683492342619308,0.13865553529269395,0.27677907580194777,0.3994168599444431,0.5234752533688345,0.4223091250111249,0.4620928301858622,0.5748687356592844,0.37819115198505593,0.0,0.29114649825457806,0.39379521578600746,0.41391520403590065,0.3784071741365559,0.48101638602918484,0.30474617155482353,0.24260034169351555,0.5694442753041277,0.3880667530352446,0.45993866249060783,0.6021489923431509,0.6056784818097263,0.2698972229493247,0.26242093626196,0.23197344224038324,0.5830807065318618,0.3038783256094582,0.19238782122603992
0.1937928774518859,0.09715723550420353,0.27310900519440945,0.4930206905075209,0.3602152261960341,0.4116138423978035,0.28534904021970237,0.539301880954455,0.41051538867194204,0.3401045834159385,0.07772548321066026,0.3984961998838857,0.43620371054169854,0.27667115676840454,0.30904487016313004,0.3069547989005465,0.38642260040784265,0.4786281819537636,0.3101774067147196,0.4155258769972003,0.16199307099926952,0.48772959364584934,0.25836827633825854,0.3600604629924703,0.3543805529799269,0.30543976776442106,0.40017224276792845,0.09475033808618992
0.14065270219315917,0.04972424762595204,0.45867043417874,0.26798117408928557,0.38483146254455525,0.33663953847654804,0.3451395455991741,0.5674908669665408,0.38872946476940456,0.3180983916365069,0.36398116532023234,0.3238597569807193,0.4279361853992317,0.3585234930666551,0.3638661099780336,0.3267023781175636,0.4495899818219666,0.38494315259021034,0.435343248814224,0.4292307767644427,0.4688873314269822,0.5285176750153926,0.19615390024995918,0.49746994833572034,0.41314255776968106,0.3923416623812449,0.3527190209003445,0.20663389188092768
0.09474622555900082,0.13049436152984825,0.5115438675741151,0.29891885099412907,0.48709123909964447,0.4541929174947443,0.43280415708309117,0.46021520084599865,0.40227332736551047,0.3173018787623026,0.34162991036225776,0.3018201912553772,0.47334985057615525,0.3778006187243488,0.3251686803849227,0.22559560298083425,0.40774867296956246,0.4046087532683156,0.4525422820563858,0.3580081832240327,0.3487706764507498,0.4620616589094115,0.1800211608325367,0.5082760853475744,0.4365200809970612,0.1768890392397737,0.27161864519299284,0.2610904428544345
0.038019909140680305,0.05027837469914859,0.25520611928264253,0.19976055523839722,0.05738710630946175,0.514046209912635,0.35883517602210835,0.29041105743863244,0.2853045219680616,0.25031297356050153,0.16792080970804898,0.26473885814929843,0.43564851598640064,0.23785367194235593,0.40492446510894287,0.3190505775180924,0.3908225128092236,0.3323869348544913,0.2802314791230947,0.38528131613068217,0.38339849209389276,0.602299507276902,0.11257891149011459,0.34379054934172254,0.2764687326219139,0.4454746426301484,0.27161864519299284,0.12725898700975247
0.1057540881379787,0.07498114414183245,0.4558215579130752,0.587728633122538,0.317187693958206,0.3958949148562248,0.34316002235642634,0.6422104794007892,0.4946039374051318,0.40025327020848467,0.11304561203792751,0.45771040739682145,0.4744809280384799,0.3382475437251151,0.36449808035688586,0.27477694577970097,0.4342570441410807,0.39200500847758124,0.31749308149764677,0.46068828228552394,0.45997545944167695,0.39411569696677,0.2802586614083789,0.5499259233395406,0.5142046942929618,0.4110162723002235,0.35784037243731515,0.08547512187675062
0.17134537332313188,0.06123094334544521,0.39798901344758414,0.4749502295408455,0.3732127253460663,0.3758312137837594,0.2500052079359564,0.6431474354462757,0.39056329633557374,0.3882870119544318,0.17511079929704806,0.31776730393038183,0.467160674165039,0.32139402767633135,0.4649240235293868,0.3267023781175636,0.4505651190434488,0.4174543077618586,0.33224015321129347,0.3819002996763138,0.4586144858871064,0.5715960378552912,0.27908734696904014,0.5253950170229369,0.42538952664753255,0.49999811217536944,0.2985489769391482,0.1434843956601371
0.06136885421378478,0.11216060554967779,0.17621717821578642,0.6254793455166107,0.513763142441239,0.2446275646971478,0.30160773672718044,0.436096549902137,0.192992519910324,0.41071973971420284,0.04000024699429194,0.15629409085402923,0.09520712534076348,0.25488995545292575,0.26181257117421936,0.4132322729241746,0.18426932097886617,0.4937340446815158,0.3211670580095115,0.16290368074658818,0.3913047397242978,0.5576053544764021,0.15196869989735806,0.4543505026384425,0.29492661406527704,0.28548621403396984,0.2384365095792855,0.08786306620232201
0.038019909140680305,0.05027837469914859,0.25520611928264253,0.19976055523839722,0.05738710630946175,0.514046209912635,0.35883517602210835,0.29041105743863244,0.2853045219680616,0.25031297356050153,0.16792080970804898,0.26473885814929843,0.43564851598640064,0.23785367194235593,0.40492446510894287,0.3190505775180924,0.3908225128092236,0.3323869348544913,0.2802314791230947,0.38528131613068217,0.38339849209389276,0.602299507276902,0.11257891149011459,0.34379054934172254,0.2764687326219139,0.4454746426301484,0.27161864519299284,0.12725898700975247
0.038019909140680305,0.05027837469914859,0.25520611928264253,0.19976055523839722,0.05738710630946175,0.514046209912635,0.35883517602210835,0.29041105743863244,0.2853045219680616,0.25031297356050153,0.16792080970804898,0.26473885814929843,0.43564851598640064,0.23785367194235593,0.40492446510894287,0.3190505775180924,0.3908225128092236,0.3323869348544913,0.2802314791230947,0.38528131613068217,0.38339849209389276,0.602299507276902,0.11257891149011459,0.34379054934172254,0.2764687326219139,0.4454746426301484,0.27161864519299284,0.12725898700975247
0.1255120788883728,0.14587439082056455,0.33156583846242604,0.5815054355041109,0.3738165041823087,0.5725166443355059,0.2525920304242445,0.5717039111754975,0.31005634685815286,0.32964306652036884,0.24376485117851115,0.365249996174119,0.4186551457690834,0.35633364389387423,0.4268567528813151,0.39309127307720426,0.37571183630873145,0.43475145027820633,0.3909232628400515,0.3950960719741404,0.4011425912139512,0.4598743046455837,0.24019987245168312,0.4744181136891905,0.3221075829603751,0.30805156853043414,0.3220104069820765,0.0841232235635222
0.05450253720808054,0.11265140313981979,0.5174053141554287,0.26468739087291193,0.48709123909964447,0.4541929174947443,0.43280415708309117,0.4076380738401433,0.3269994911791186,0.2577702002813025,0.4029773158914203,0.47393204274045664,0.4845236638001778,0.4046858522032171,0.35240323473659074,0.22991101774009873,0.48122376451624604,0.19654463496752064,0.20859899415377064,0.33706484361202077,0.4149474993066564,0.48290174652581475,0.24594967024467332,0.5082760853475744,0.35910245023095233,0.17043982844592043,0.27161864519299284,0.2610904428544345
0.14625184140362324,0.08497113195387296,0.4698440429115508,0.5404914771417968,0.4563262391440279,0.5601749035811334,0.2028918130005326,0.6861580151527287,0.3486538240610253,0.26146699875364254,0.27160098062921834,0.2689377351538716,0.44964112441198095,0.32758167344369366,0.40387367796124496,0.23498635236099172,0.4555182285337678,0.4053842143830848,0.47736590247074784,0.39359559637945524,0.5437016220557191,0.5433403548532186,0.2715604715887671,0.39104574185721674,0.1697940082795054,0.32126815776005035,0.3412064242468866,0.19251295165178386
0.164133686796617,0.165958988718455,0.5264814762264997,0.37484672431484184,0.4963211078936729,0.5026864669623046,0.43021831376402986,0.5331552285613386,0.2384544494627257,0.3173018787623026,0.41490309890319127,0.32865814761924056,0.2843512582656667,0.44081620064362537,0.31417958310822547,0.3320235285376842,0.4035032650481793,0.3854212193688088,0.3793278362535406,0.37093376029565434,0.2394185719756007,0.2410373216925722,0.20679482890418527,0.4649520840930412,0.4635638945249338,0.4155887622802998,0.27161864519299284,0.2610904428544345
0.12469576250477334,0.14758845531969744,0.5093808358952254,0.3388284039708127,0.48709123909964447,0.40361124051759056,0.36876533991202354,0.3788571057454115,0.2384544494627257,0.3173018787623026,0.41490309890319127,0.32865814761924056,0.2843512582656667,0.44081620064362537,0.31417958310822547,0.3224904490905219,0.44823917145376757,0.3630331198254179,0.3793278362535406,0.37093376029565434,0.2394185719756007,0.24910063497362517,0.2097192393202666,0.5488573559337849,0.4635638945249338,0.4155887622802998,0.27161864519299284,0.2610904428544345
0.12090263966222176,0.08594728421331727,0.3382100226895265,0.47498512292863904,0.4694688051187069,0.47926228263308984,0.07725741211434513,0.32589288508495656,0.3521282888988263,0.41700780828273926,0.3826215960162035,0.1793488786751857,0.31154218454433485,0.3727427675665143,0.30161153782424954,0.36164773627014196,0.40912738796440234,0.4109617587042438,0.237602452825634,0.38572820111959105,0.3096231468433585,0.4953133692796591,0.1498965066446878,0.5185174524142383,0.3785883827747222,0.31611746443083694,0.4602113256692144,0.2610904428544345
0.09566320854792057,0.0886892511718482,0.5837217592277647,0.460506370252313,0.2697572472345272,0.3532197744498201,0.2843189389455859,0.6086080877562468,0.28854557314411683,0.45289279185122416,0.39520741312107116,0.45426412430597174,0.44604687706388885,0.3466817206209526,0.46152607344181545,0.16612818127808132,0.40953995644062835,0.36839388491426667,0.29410558254839525,0.4223623519765559,0.6359164761696711,0.3728885131648571,0.24279737424564846,0.2786694741073997,0.5499722621836588,0.5711508493155658,0.3641384366197096,0.2610904428544345
0.09566320854792057,0.0886892511718482,0.5837217592277647,0.460506370252313,0.2697572472345272,0.3532197744498201,0.2843189389455859,0.6086080877562468,0.28854557314411683,0.45289279185122416,0.39520741312107116,0.45426412430597174,0.44604687706388885,0.3466817206209526,0.46152607344181545,0.16612818127808132,0.40953995644062835,0.37772031238045056,0.29410558254839525,0.4084973965804907,0.6372569530364939,0.3728885131648571,0.24279737424564846,0.2786694741073997,0.5499722621836588,0.5711508493155658,0.3580436144413035,0.2610904428544345
0.15777123532081766,0.23975611717223205,0.4843466334668963,0.40148402875011113,0.5602819632951124,0.44901353514979475,0.5037299709667239,0.6194154368250073,0.4879878509352709,0.48754631299059425,0.2925605726619951,0.35898458117034693,0.5730444569768365,0.44679545865949116,0.4977033102338165,0.3768587842877808,0.5561509809221215,0.5672713654543459,0.4666506591019258,0.5022526993978111,0.6089336236747301,0.6377151897531115,0.2712580268744251,0.25787293006381573,0.23798023978429908,0.361783981514546,0.2958082129850713,0.26501857210711155
0.09230836293015283,0.1949610858787104,0.520998507282345,0.34078491087046164,0.4963211078936729,0.4541929174947443,0.43280415708309117,0.45436700843279976,0.2876045143886614,0.4478948249902249,0.3224759790962022,0.323262742553506,0.2843512582656667,0.43277688795440566,0.31417958310822547,0.22559560298083425,0.40774867296956246,0.4046087532683156,0.3793278362535406,0.37093376029565434,0.2394185719756007,0.4085137132963702,0.21421535362173605,0.5488573559337849,0.4587978857842022,0.4155887622802998,0.27161864519299284,0.15280935898202994
0.09230836293015283,0.1949610858787104,0.520998507282345,0.34078491087046164,0.4963211078936729,0.4541929174947443,0.43280415708309117,0.45436700843279976,0.2876045143886614,0.4478948249902249,0.3224759790962022,0.323262742553506,0.2843512582656667,0.43277688795440566,0.31417958310822547,0.22559560298083425,0.40774867296956246,0.4046087532683156,0.3793278362535406,0.37093376029565434,0.2394185719756007,0.4085137132963702,0.21421535362173605,0.5488573559337849,0.4587978857842022,0.4155887622802998,0.27161864519299284,0.15280935898202994
0.12043220676997025,0.10255329417928016,0.3606538083415165,0.3377541060688352,0.3560501508271858,0.46295606620370056,0.33099801857887734,0.21828150399634844,0.24869541705730014,0.38421200771702924,0.3840712869991379,0.20931985329679093,0.27227944371914514,0.3383187841315028,0.21628848359938824,0.32306533932847414,0.2199907934319731,0.16849774459525946,0.043854212989399614,0.39180930018718163,0.25603522663533396,0.4960433212077825,0.28290554359368614,0.2988840464374924,0.3287471545229364,0.1863448694217493,0.23583102596195277,0.08464634423830697
0.21143728306203355,0.09715723550420353,0.3970599288610273,0.4906919767379496,0.37969640112911085,0.39933963918077675,0.23446874321085723,0.5476933844212712,0.2940996997729173,0.3972811759015401,0.2832103085854125,0.2147878659640106,0.2313815812280708,0.3729144997752866,0.3524285173941272,0.31266600415736695,0.43099567515647347,0.4567337598958839,0.4536888923422024,0.3871673016677679,0.4619417590929167,0.46711983336476115,0.2703894906250548,0.2447718059005593,0.18703681602235145,0.46332770724682737,0.23863606053916475,0.14356342305453856
0.12101384425863501,0.16511414514357253,0.46153864179219856,0.49216918466285453,0.4883061326466569,0.4716595923302037,0.24989306856388774,0.38525479289510517,0.400060329467386,0.453787321432008,0.35072088103794696,0.2659174451971495,0.4307159831301236,0.20215870122179055,0.4515957907401861,0.3631447322214848,0.39814716270610767,0.37840588884319715,0.29549898095884475,0.39645031394873126,0.4068541924939708,0.6339382705227157,0.3279847754124824,0.2988840464374924,0.19473486095676346,0.193004277842363,0.27161864519299284,0.21371230629663338
0.09230836293015283,0.1949610858787104,0.520998507282345,0.34078491087046164,0.4963211078936729,0.4541929174947443,0.43280415708309117,0.4076380738401433,0.29535786609419507,0.4478948249902249,0.3224759790962022,0.32470428895240333,0.2843512582656667,0.43277688795440566,0.31417958310822547,0.22559560298083425,0.40774867296956246,0.4046087532683156,0.3793278362535406,0.37093376029565434,0.36387399425257255,0.4005570180259494,0.20679482890418527,0.47023308398912494,0.4587978857842022,0.4155887622802998,0.27161864519299284,0.2610904428544345
0.09321548113636277,0.10255329417928016,0.41514252800754814,0.3916003425833542,0.43246714505119876,0.5166096599600318,0.2989992585715878,0.480371407173958,0.4057516496209642,0.3613484723462165,0.24846015792381815,0.34948567611842063,0.27432817566163653,0.4493137298545612,0.49992554225823393,0.3347134949121442,0.3685616386360752,0.19437209917614415,0.30178719719937547,0.40145721700606546,0.4318157106277095,0.5418474954325097,0.3113998994805099,0.2988840464374924,0.3688989976348798,0.35781547567514926,0.22327321285072355,0.12128720129273284
0.10669353813761354,0.1144803174352191,0.434389036804092,0.5631562876096903,0.2845047125149405,0.42885035389169573,0.3579473070841492,0.49943916504499913,0.4260153097262015,0.3894004343315834,0.3025285811513738,0.3692723432811779,0.11789707763827535,0.3322067086467008,0.37394244501358764,0.21709658339095064,0.34748006091149664,0.36478925563412135,0.3618362247313792,0.44378307170286446,0.5241322861647834,0.5679485966187374,0.23090224504970439,0.48486416310707203,0.37574019997612745,0.31552379593529023,0.26297376112844545,0.11193398369463498
0.10669353813761354,0.1144803174352191,0.434389036804092,0.5631562876096903,0.2845047125149405,0.43887164179249794,0.34460283811779696,0.49943916504499913,0.4260153097262015,0.2927497215371391,0.2511303106246498,0.3692723432811779,0.11789707763827535,0.3322067086467008,0.37394244501358764,0.21709658339095064,0.34748006091149664,0.36478925563412135,0.3618362247313792,0.44378307170286446,0.5241322861647834,0.5679485966187374,0.22114315777592544,0.48486416310707203,0.4175147024396185,0.3596167421332152,0.26297376112844545,0.11193398369463498
0.14098471944002,0.10255329417928016,0.2952402293070075,0.29928823899870866,0.20290469644384657,0.44438806526266617,0.33099801857887734,0.21828150399634844,0.2583314994079236,0.14622118942913453,0.5669672039120024,0.3110647498161029,0.2599448905491489,0.15535248209584618,0.20038386125930044,0.25421657711309276,0.18886227321131527,0.30424414514160736,0.19074705950556153,0.36373680636692557,0.25126240000053046,0.019606599392799694,0.2540598635694901,0.2988840464374924,0.41614376935083314,0.3280602660936361,0.2833031597054226,0.05608030823099698
0.12101384425863501,0.16511414514357253,0.46153864179219856,0.49216918466285453,0.4541624643573664,0.44800515446389044,0.4867765196073571,0.2714642762525031,0.45313006998986594,0.453787321432008,0.26317405065157057,0.3464292367207115,0.44021348419528605,0.20215870122179055,0.4515957907401861,0.3631447322214848,0.39669716441564845,0.36178448980584715,0.29770115723672796,0.3654820812307638,0.39894324553473337,0.6339382705227157,0.4322663124055411,0.2988840464374924,0.19473486095676346,0.193004277842363,0.27161864519299284,0.19208053682317613
0.12533093102658294,0.1695077164039517,0.45163992805970055,0.49898346591056875,0.5525962202547117,0.4716595923302037,0.24989306856388774,0.3565952534674279,0.400060329467386,0.453787321432008,0.39660550308279846,0.32052398612418187,0.43629859497418705,0.20376396218755283,0.4506554708915387,0.28920356989392104,0.3961518198683554,0.3864337790834314,0.31989753233018825,0.3828430001468994,0.3963593745080135,0.6339382705227157,0.3279847754124824,0.2988840464374924,0.17228706986092174,0.193004277842363,0.27161864519299284,0.21371230629663338
0.11796511990256052,0.16511414514357253,0.45676349947167505,0.5190020173298546,0.5525962202547117,0.5220300098392805,0.24989306856388774,0.44018842028407645,0.32939513807718035,0.4374345596061207,0.43006400877731654,0.4408593989044544,0.18606797770189537,0.2665362363734578,0.4903102122888788,0.24766372228801187,0.3822863721655189,0.4268718216338162,0.23619498804666,0.3329057626339056,0.3777668602858523,0.3077273377413338,0.2800858940501137,0.21809731898901794,0.4029918380496521,0.22880642118259337,0.3196528728928867,0.11520754510196797
0.10892266397946321,0.16511414514357253,0.5227052033132502,0.4831436323181358,0.4883061326466569,0.4716595923302037,0.24989306856388774,0.39179066963898945,0.400060329467386,0.453787321432008,0.3589428511243974,0.2545541681525982,0.3872402921702998,0.20215870122179055,0.4515957907401861,0.3631447322214848,0.40313209864025057,0.37840588884319715,0.29123737308720865,0.39645031394873126,0.4068541924939708,0.6339382705227157,0.3279847754124824,0.2988840464374924,0.19473486095676346,0.193004277842363,0.27161864519299284,0.21371230629663338
0.0834558327590108,0.12647323090177523,0.2313771051928599,0.4737981721794427,0.526535001828188,0.40745535105162894,0.25215981892669087,0.5749050773438373,0.21178626276062834,0.23293821841893858,0.25334262068824004,0.29383908332967806,0.2578079845302655,0.17650325535978165,0.3532845724142035,0.3069141772718234,0.34117475220440335,0.3295128459101678,0.2104101789683493,0.26048804891605,0.19869735115065865,0.3177041425898366,0.17683160560492397,0.2998715646624068,0.1679347058051226,0.2173897307873921,0.2683604070110028,0.15179940407012843
0.10892266397946321,0.16511414514357253,0.5227052033132502,0.4831436323181358,0.4883061326466569,0.4754378108439349,0.24989306856388774,0.38551921502783726,0.31510554470525354,0.453787321432008,0.3589428511243974,0.2545541681525982,0.3835937440364409,0.20215870122179055,0.4515957907401861,0.3602722544790139,0.2133611840379338,0.38093147756000617,0.29549898095884475,0.39645031394873126,0.4068541924939708,0.6339382705227157,0.3279847754124824,0.2988840464374924,0.19473486095676346,0.193004277842363,0.27161864519299284,0.21371230629663338
0.10892266397946321,0.12785517456229273,0.5227052033132502,0.4831436323181358,0.4883061326466569,0.543846773226052,0.24989306856388774,0.3900522528608344,0.400060329467386,0.453787321432008,0.3589428511243974,0.2545541681525982,0.3835937440364409,0.20215870122179055,0.44368340958419417,0.3631447322214848,0.39814716270610767,0.37840588884319715,0.29549898095884475,0.39645031394873126,0.4068541924939708,0.6339382705227157,0.3279847754124824,0.2988840464374924,0.19473486095676346,0.193004277842363,0.27161864519299284,0.04955042361827022
0.1445901222789697,0.1695077164039517,0.5507555504057611,0.4933581147444825,0.4978497171014905,0.457832092689727,0.47267732330260204,0.5624295625182424,0.3792042189992359,0.30581480786876375,0.2854936096917303,0.20931985329679093,0.27227944371914514,0.2665362363734578,0.36411328861277836,0.326291171635367,0.40109253993095867,0.44060659562505045,0.33808289943146536,0.5101349473861925,0.41160140248940214,0.5153632231334261,0.3083053058931619,0.4399281567841638,0.3856826094200554,0.34853369087670855,0.27161864519299284,0.2610904428544345
0.08550811926853691,0.10255329417928016,0.40019615765918887,0.2959079133033354,0.5597065131954613,0.46295606620370056,0.30684172983064656,0.37466287071883836,0.34088934542134675,0.35671913975255704,0.13497949868579115,0.2019093237683263,0.08968625545781347,0.26883589945968434,0.36746927200833873,0.17610523605414524,0.22545041266277116,0.31291748775919187,0.20004264876263084,0.4374086095737728,0.3236824432584738,0.3636186176769322,0.2632573212183694,0.3327736286161352,0.3839731850210937,0.18085042604565738,0.2833031597054226,0.07313118387523045
0.11008348122379973,0.10255329417928016,0.3425379225276706,0.48607687330796695,0.5060069821570706,0.6440445363021008,0.4091772941702311,0.6141254513586372,0.49112229521711387,0.3773959061782128,0.23290420351571872,0.43694687597890675,0.23299512961394794,0.35365992490795106,0.27284845789286893,0.30153895983090095,0.48980896055933065,0.5030160708286915,0.34443211371321447,0.4088693150427668,0.5997823583404602,0.4787985227773332,0.276986331269771,0.2688421754889734,0.2300346143439816,0.21235313366734287,0.3880057223166813,0.11487311130704589
0.05450253720808054,0.11265140313981979,0.5174053141554287,0.26468739087291193,0.48709123909964447,0.4541929174947443,0.43280415708309117,0.4076380738401433,0.3269994911791186,0.2577702002813025,0.4029773158914203,0.47393204274045664,0.4845236638001778,0.4046858522032171,0.35240323473659074,0.22991101774009873,0.48122376451624604,0.19654463496752064,0.20859899415377064,0.33706484361202077,0.4149474993066564,0.48290174652581475,0.24594967024467332,0.5082760853475744,0.35910245023095233,0.17043982844592043,0.27161864519299284,0.2610904428544345
0.09230836293015283,0.1949610858787104,0.520998507282345,0.34078491087046164,0.4963211078936729,0.4541929174947443,0.43280415708309117,0.4076380738401433,0.29535786609419507,0.4478948249902249,0.3224759790962022,0.32470428895240333,0.2843512582656667,0.43277688795440566,0.31417958310822547,0.22559560298083425,0.40774867296956246,0.4046087532683156,0.3793278362535406,0.37093376029565434,0.36387399425257255,0.4005570180259494,0.20679482890418527,0.47023308398912494,0.4587978857842022,0.4155887622802998,0.27161864519299284,0.2610904428544345
0.10356825692766677,0.0997459626818206,0.47437248879341226,0.577280823984273,0.3672463788304366,0.3623942414807638,0.21134042437994413,0.49035939709010873,0.24243698376586637,0.2865474886179585,0.44946703364247276,0.42542391670047125,0.4456897290028426,0.4021884174901897,0.42856624079206684,0.4031476327205874,0.39915087841641367,0.5077528863582507,0.3378047410214383,0.45386916357980295,0.14671413080421816,0.6036548266728237,0.19586824266119238,0.24772449728045776,0.19642268406453267,0.2645190911819805,0.2105449623320964,0.09476175517997334
0.0204669479605353,0.10255329417928016,0.43254853819186734,0.28743216905016233,0.5622124946914329,0.45797987820530756,0.35410578403896903,0.4379081894696232,0.3481897613967078,0.41554144475713345,0.17388399465515103,0.29638332161937764,0.2832971514264855,0.28819248917515883,0.4903102122888788,0.24766372228801187,0.3774316598124841,0.36928414255544806,0.25119610449715424,0.3329057626339056,0.3777668602858523,0.29644130317350903,0.2800858940501137,0.204056708842691,0.4029918380496521,0.230957117607354,0.29723543820384163,0.04685268895898171
0.15777123532081766,0.19960576564585433,0.3979715930170833,0.4155150614805632,0.4791530170176168,0.44103873794516635,0.39770215359405764,0.6032929125022637,0.5053657902544659,0.4705588872818607,0.20640193716709554,0.38740251055533453,0.49339266141924165,0.4673921970631317,0.4924003510046669,0.37009000760471994,0.4249038634924473,0.581601517868406,0.447353232204585,0.408803190840052,0.5863676931875531,0.7550857403595143,0.21093166737343702,0.25787293006381573,0.21833390474580952,0.5345967372628735,0.2756920240984662,0.21702353728019885
0.09474622555900082,0.13049436152984825,0.5115438675741151,0.29891885099412907,0.48709123909964447,0.4541929174947443,0.43280415708309117,0.46021520084599865,0.40227332736551047,0.3173018787623026,0.34162991036225776,0.3018201912553772,0.47334985057615525,0.3778006187243488,0.3251686803849227,0.22559560298083425,0.40774867296956246,0.4046087532683156,0.4525422820563858,0.3580081832240327,0.3487706764507498,0.4620616589094115,0.1800211608325367,0.5082760853475744,0.4365200809970612,0.1768890392397737,0.27161864519299284,0.2610904428544345
0.14625184140362324,0.08497113195387296,0.4698440429115508,0.5404914771417968,0.4563262391440279,0.5601749035811334,0.2028918130005326,0.6861580151527287,0.3486538240610253,0.26146699875364254,0.2818257990491436,0.2689377351538716,0.44964112441198095,0.32758167344369366,0.40387367796124496,0.23498635236099172,0.4555182285337678,0.4053842143830848,0.47736590247074784,0.39359559637945524,0.5437016220557191,0.5433403548532186,0.2715604715887671,0.39104574185721674,0.1697940082795054,0.32126815776005035,0.3412064242468866,0.19251295165178386
0.12469576250477334,0.14758845531969744,0.5093808358952254,0.3388284039708127,0.48709123909964447,0.40361124051759056,0.36876533991202354,0.3788571057454115,0.2384544494627257,0.3173018787623026,0.41490309890319127,0.32865814761924056,0.2843512582656667,0.44081620064362537,0.31417958310822547,0.3224904490905219,0.44823917145376757,0.3630331198254179,0.3793278362535406,0.37093376029565434,0.2394185719756007,0.24910063497362517,0.2097192393202666,0.5488573559337849,0.4635638945249338,0.4155887622802998,0.27161864519299284,0.2610904428544345
0.10808012595708702,0.10561183683203632,0.4370998616244358,0.2959079133033354,0.5597065131954613,0.42038768577404384,0.33224008101912056,0.38328677182260723,0.27963179556339424,0.4745308601291519,0.22680480978400158,0.2019093237683263,0.10535697062516415,0.2550132333511665,0.40464121994718194,0.1661632392050787,0.22545041266277116,0.3685762269550319,0.20599983079598647,0.41642351441484415,0.3381164197382737,0.3636186176769322,0.2632573212183694,0.3219001256994162,0.4087128647646626,0.18085042604565738,0.2833031597054226,0.06703061634335845
0.038019909140680305,0.05027837469914859,0.25520611928264253,0.19976055523839722,0.05738710630946175,0.514046209912635,0.35883517602210835,0.29041105743863244,0.2853045219680616,0.25031297356050153,0.16792080970804898,0.26473885814929843,0.43564851598640064,0.23785367194235593,0.40492446510894287,0.3000300512229216,0.3908225128092236,0.3323869348544913,0.2802314791230947,0.38528131613068217,0.38339849209389276,0.5885619167268538,0.11257891149011459,0.34379054934172254,0.2764687326219139,0.4454746426301484,0.27161864519299284,0.12725898700975247
0.21143728306203355,0.09715723550420353,0.40019615765918887,0.2959079133033354,0.5707168225092918,0.46295606620370056,0.35410578403896903,0.38328677182260723,0.34088934542134675,0.35671913975255704,0.1497446845423368,0.2019093237683263,0.08968625545781347,0.26883589945968434,0.36746927200833873,0.17610523605414524,0.22545041266277116,0.34727680742117983,0.20004264876263084,0.4077107091341467,0.3236824432584738,0.3636186176769322,0.2632573212183694,0.3219001256994162,0.23497936557815752,0.19970193110235185,0.2833031597054226,0.08651456469224675
0.21143728306203355,0.09715723550420353,0.3970599288610273,0.4999110014994171,0.37969640112911085,0.40075769874501765,0.2072320600882001,0.5476933844212712,0.2940996997729173,0.3972811759015401,0.2832103085854125,0.2147878659640106,0.2313815812280708,0.3729144997752866,0.3524285173941272,0.31124016494293577,0.43099567515647347,0.4567337598958839,0.4536888923422024,0.3871673016677679,0.4434024805572573,0.46711983336476115,0.2703894906250548,0.27147432065447147,0.18703681602235145,0.46332770724682737,0.23863606053916475,0.1741531154327632
0.1329493668368779,0.22458995574823776,0.4673223756895758,0.42840120592853725,0.5785973568659176,0.3859452018506346,0.502208039176649,0.625715835778194,0.5005795762270427,0.48754631299059425,0.2925605726619951,0.4231366583533774,0.5390185287050763,0.39981869051483027,0.4977033102338165,0.3768587842877808,0.4225390488974347,0.5886686889543292,0.48152651580235983,0.3940942904802086,0.6031867026756845,0.7320364647824498,0.18666308898378037,0.25787293006381573,0.23197344224038324,0.5928630911646504,0.20110658682814864,0.19359380811669222
0.14098471944002,0.10255329417928016,0.2952402293070075,0.29928823899870866,0.20290469644384657,0.44438806526266617,0.3394851472603871,0.21828150399634844,0.2583314994079236,0.14622118942913453,0.5353614087882748,0.3110647498161029,0.2599448905491489,0.15535248209584618,0.2571523256048888,0.07185645919221013,0.18886227321131527,0.30424414514160736,0.19074705950556153,0.36373680636692557,0.25126240000053046,0.019606599392799694,0.2540598635694901,0.2988840464374924,0.41614376935083314,0.3280602660936361,0.2833031597054226,0.05608030823099698
0.14098471944002,0.10255329417928016,0.2952402293070075,0.29928823899870866,0.20290469644384657,0.44438806526266617,0.33099801857887734,0.21828150399634844,0.2583314994079236,0.14622118942913453,0.5669672039120024,0.3110647498161029,0.2599448905491489,0.15535248209584618,0.20038386125930044,0.25421657711309276,0.18886227321131527,0.30424414514160736,0.19074705950556153,0.36373680636692557,0.25126240000053046,0.019606599392799694,0.2540598635694901,0.2988840464374924,0.41614376935083314,0.3280602660936361,0.2833031597054226,0.05608030823099698
0.10669353813761354,0.1144803174352191,0.434389036804092,0.5631562876096903,0.2845047125149405,0.43887164179249794,0.34460283811779696,0.49943916504499913,0.4260153097262015,0.2927497215371391,0.2511303106246498,0.3692723432811779,0.11789707763827535,0.3322067086467008,0.37394244501358764,0.21709658339095064,0.34748006091149664,0.36478925563412135,0.3618362247313792,0.44378307170286446,0.5241322861647834,0.5679485966187374,0.23090224504970439,0.48486416310707203,0.37574019997612745,0.31552379593529023,0.26297376112844545,0.11193398369463498
0.09474622555900082,0.13049436152984825,0.5115438675741151,0.29891885099412907,0.48709123909964447,0.4541929174947443,0.43280415708309117,0.46021520084599865,0.40227332736551047,0.3173018787623026,0.34162991036225776,0.3018201912553772,0.47334985057615525,0.3778006187243488,0.3251686803849227,0.22559560298083425,0.40774867296956246,0.4046087532683156,0.4525422820563858,0.3580081832240327,0.3487706764507498,0.4620616589094115,0.1800211608325367,0.5082760853475744,0.4365200809970612,0.1768890392397737,0.27161864519299284,0.2610904428544345
0.12221286064783786,0.10255329417928016,0.4929125544264178,0.2959079133033354,0.37158656599992257,0.4505404707353446,0.3482955739244278,0.24260059161860723,0.5253989710864772,0.3504762999923233,0.2170224695498007,0.22861693637801722,0.42705952194209695,0.3170942240208437,0.23678287257929534,0.32306533932847414,0.22426132010009048,0.2389778209175154,0.2850267075259052,0.39180930018718163,0.24937303159836394,0.5153632231334261,0.28290554359368614,0.2988840464374924,0.3856826094200554,0.2263519731228441,0.23583102596195277,0.12128720129273284
0.038019909140680305,0.05027837469914859,0.25520611928264253,0.19976055523839722,0.05738710630946175,0.514046209912635,0.35883517602210835,0.29041105743863244,0.2853045219680616,0.25031297356050153,0.16792080970804898,0.26473885814929843,0.43564851598640064,0.23785367194235593,0.40492446510894287,0.30293194941938456,0.3908225128092236,0.3323869348544913,0.2802314791230947,0.4099077843482239,0.38339849209389276,0.6132087754871005,0.11257891149011459,0.34379054934172254,0.2764687326219139,0.4454746426301484,0.27161864519299284,0.12725898700975247
0.12043220676997025,0.10255329417928016,0.3606538083415165,0.3377541060688352,0.3560501508271858,0.46295606620370056,0.33099801857887734,0.21828150399634844,0.24869541705730014,0.38421200771702924,0.3840712869991379,0.20931985329679093,0.27227944371914514,0.3383187841315028,0.21628848359938824,0.32306533932847414,0.2199907934319731,0.16849774459525946,0.043854212989399614,0.39180930018718163,0.25603522663533396,0.4960433212077825,0.28290554359368614,0.2988840464374924,0.3287471545229364,0.1863448694217493,0.23583102596195277,0.08464634423830697
0.10808012595708702,0.10561183683203632,0.4370998616244358,0.2959079133033354,0.5597065131954613,0.42038768577404384,0.33224008101912056,0.38328677182260723,0.27963179556339424,0.4745308601291519,0.22680480978400158,0.2019093237683263,0.10535697062516415,0.2550132333511665,0.40464121994718194,0.1661632392050787,0.22545041266277116,0.3685762269550319,0.20599983079598647,0.41642351441484415,0.3381164197382737,0.3636186176769322,0.2632573212183694,0.3219001256994162,0.4087128647646626,0.18085042604565738,0.2833031597054226,0.06703061634335845
0.0834558327590108,0.12647323090177523,0.2313771051928599,0.4737981721794427,0.526535001828188,0.40745535105162894,0.25215981892669087,0.5749050773438373,0.21178626276062834,0.23293821841893858,0.25334262068824004,0.29383908332967806,0.2578079845302655,0.17650325535978165,0.3532845724142035,0.3069141772718234,0.34117475220440335,0.3295128459101678,0.2104101789683493,0.26048804891605,0.19869735115065865,0.3177041425898366,0.17683160560492397,0.2998715646624068,0.1679347058051226,0.2173897307873921,0.25918257815010187,0.15179940407012843
0.08550811926853691,0.10255329417928016,0.40019615765918887,0.34574403773657075,0.5597065131954613,0.46295606620370056,0.33224008101912056,0.38328677182260723,0.3481897613967078,0.35671913975255704,0.1497446845423368,0.2019093237683263,0.08968625545781347,0.26883589945968434,0.36746927200833873,0.17610523605414524,0.22545041266277116,0.34727680742117983,0.20004264876263084,0.4077107091341467,0.3236824432584738,0.3636186176769322,0.2632573212183694,0.3219001256994162,0.23497936557815752,0.19970193110235185,0.2833031597054226,0.08651456469224675
0.12090263966222176,0.08594728421331727,0.3382100226895265,0.47498512292863904,0.4694688051187069,0.47926228263308984,0.07725741211434513,0.32589288508495656,0.3521282888988263,0.41700780828273926,0.3826215960162035,0.1793488786751857,0.31154218454433485,0.3727427675665143,0.30161153782424954,0.36164773627014196,0.40912738796440234,0.4109617587042438,0.237602452825634,0.38572820111959105,0.3096231468433585,0.4953133692796591,0.1498965066446878,0.5185174524142383,0.3785883827747222,0.31611746443083694,0.4602113256692144,0.2610904428544345
0.12221286064783786,0.10255329417928016,0.42220401108151884,0.357940892297044,0.3619629141127573,0.45603593908856377,0.34086417320068607,0.3463698077875562,0.40927625787200234,0.38421200771702924,0.2854936096917303,0.20931985329679093,0.27227944371914514,0.3170942240208437,0.19853506917147024,0.32306533932847414,0.22426132010009048,0.2389778209175154,0.2850267075259052,0.39180930018718163,0.2881197960620926,0.555732748831712,0.28290554359368614,0.2988840464374924,0.3856826094200554,0.2263519731228441,0.23583102596195277,0.12128720129273284
0.11008348122379973,0.10255329417928016,0.3425379225276706,0.4877789090677513,0.5060069821570706,0.6440445363021008,0.4091772941702311,0.5993107286984902,0.49112229521711387,0.3773959061782128,0.23290420351571872,0.4415581826094136,0.23299512961394794,0.35365992490795106,0.27284845789286893,0.45929551730938134,0.30521742582784994,0.2898606509876327,0.3000733551474866,0.4088693150427668,0.5997823583404602,0.4787985227773332,0.276986331269771,0.2688421754889734,0.2300346143439816,0.21235313366734287,0.3880057223166813,0.11487311130704589
0.09134029709176647,0.10255329417928016,0.40019615765918887,0.34574403773657075,0.20205106485553628,0.46295606620370056,0.35410578403896903,0.38328677182260723,0.4284476868731388,0.42426302185677295,0.17919261563858216,0.20269649778143745,0.2832971514264855,0.2956819370861873,0.4485067103518416,0.1660962618456512,0.23391306141205254,0.3535890297830511,0.20926312840571756,0.4077107091341467,0.3236824432584738,0.38142695964947937,0.19259399236795646,0.2786694741073997,0.3786550014504856,0.22090958718583217,0.2833031597054226,0.10053505983531202
0.19978369416713787,0.1167435702279471,0.4442679093811218,0.48773085858708676,0.32725392399293307,0.5501295153451089,0.34097476965292856,0.5389329942750851,0.49304209654014275,0.3773959061782128,0.3324061171665955,0.4675212480418486,0.26285618528751614,0.3208129472705234,0.34842686212061696,0.25144882336222324,0.494132240596506,0.4453565039067353,0.2901532104273677,0.3961568423322111,0.5862334698296712,0.5606267697936991,0.23688610236646257,0.4148304174443462,0.22990312619016506,0.3201083031994746,0.32678082390356367,0.11487311130704589
0.14625184140362324,0.08497113195387296,0.4698440429115508,0.5404914771417968,0.4665566914837389,0.5583733702899473,0.2028918130005326,0.6861580151527287,0.3486538240610253,0.26146699875364254,0.27160098062921834,0.2733725484295696,0.4442813047741838,0.32758167344369366,0.40387367796124496,0.23498635236099172,0.4555182285337678,0.4053842143830848,0.47736590247074784,0.39359559637945524,0.5437016220557191,0.5433403548532186,0.2715604715887671,0.39104574185721674,0.1697940082795054,0.32126815776005035,0.3412064242468866,0.19251295165178386
0.08550811926853691,0.10255329417928016,0.40019615765918887,0.2959079133033354,0.5597065131954613,0.46295606620370056,0.33224008101912056,0.38328677182260723,0.3481897613967078,0.33310812756265507,0.13497949868579115,0.2019093237683263,0.08968625545781347,0.26883589945968434,0.36746927200833873,0.17610523605414524,0.22545041266277116,0.31291748775919187,0.20004264876263084,0.4374086095737728,0.3236824432584738,0.3636186176769322,0.2632573212183694,0.3327736286161352,0.3839731850210937,0.18085042604565738,0.2833031597054226,0.07313118387523045
0.06102377129494342,0.11913689236190338,0.4052561184299311,0.29891885099412907,0.4703826607373468,0.4502360058987757,0.3360372635455758,0.3431192401196368,0.42489516929261917,0.27633585794899873,0.2668210437326289,0.33907430369504676,0.37140371767221103,0.25172487910940794,0.3993239981753177,0.22705433519623605,0.26360932244869045,0.17243928092010186,0.2915580070813681,0.3684729234908578,0.23683741400839056,0.42249740040407563,0.2828997990683985,0.4187319189599463,0.1649580178630358,0.171285133654899,0.27161864519299284,0.061230943345445196
0.16474505234680653,0.10561183683203632,0.4699936854469538,0.28743216905016233,0.5622124946914329,0.45797987820530756,0.35410578403896903,0.4379081894696232,0.3481897613967078,0.41554144475713345,0.17388399465515103,0.29638332161937764,0.2832971514264855,0.28819248917515883,0.4903102122888788,0.24766372228801187,0.3774316598124841,0.36928414255544806,0.25119610449715424,0.3329057626339056,0.3777668602858523,0.29644130317350903,0.2800858940501137,0.204056708842691,0.4029918380496521,0.230957117607354,0.29723543820384163,0.04685268895898171
0.05450253720808054,0.11265140313981979,0.5174053141554287,0.26468739087291193,0.48709123909964447,0.4541929174947443,0.43280415708309117,0.4076380738401433,0.3269994911791186,0.2577702002813025,0.4029773158914203,0.47393204274045664,0.4845236638001778,0.4046858522032171,0.35240323473659074,0.22991101774009873,0.48122376451624604,0.19654463496752064,0.20859899415377064,0.33706484361202077,0.4149474993066564,0.48290174652581475,0.24594967024467332,0.5082760853475744,0.35910245023095233,0.17043982844592043,0.27161864519299284,0.2610904428544345
0.0719848524750235,0.11913689236190338,0.4052561184299311,0.2935281294168418,0.21820275738649547,0.39302497430503264,0.25116935858586226,0.5724005400091331,0.41147748775590265,0.27633585794899873,0.30505121485451947,0.2784693612728422,0.36897030660757696,0.2173805160327971,0.391849358654401,0.2282376083314908,0.23930717617339403,0.17243928092010186,0.31366319392114195,0.3684729234908578,0.23683741400839056,0.38619104102717616,0.21662356756136025,0.17131798606384663,0.1649580178630358,0.17954912550584864,0.27161864519299284,0.061230943345445196
0.10585224042356717,0.10255329417928016,0.4883341911179852,0.3033280238832964,0.45838663719669387,0.449275733938655,0.33741007883627444,0.36409304848349455,0.2816495804151529,0.35671913975255704,0.10747221706831533,0.2019093237683263,0.24294766467018178,0.29101045391132113,0.38259814361453004,0.4133628716326316,0.26768751000837854,0.32258446782799066,0.27557982656166247,0.46876613967026864,0.20853751037149026,0.4285258438744393,0.22572126487716881,0.449515929132836,0.3517058654175318,0.4059663599046353,0.27340730899532945,0.2610904428544345
0.19978369416713787,0.1167435702279471,0.4442679093811218,0.48773085858708676,0.32725392399293307,0.5349023659532496,0.3814101112146306,0.5389329942750851,0.49304209654014275,0.3773959061782128,0.3324061171665955,0.4675212480418486,0.26285618528751614,0.3208129472705234,0.34842686212061696,0.25144882336222324,0.49751567106811223,0.4453565039067353,0.2901532104273677,0.3961568423322111,0.5862334698296712,0.5606267697936991,0.23688610236646257,0.4148304174443462,0.22990312619016506,0.3201083031994746,0.32678082390356367,0.11487311130704589
0.14625184140362324,0.08497113195387296,0.4698440429115508,0.5404914771417968,0.4665566914837389,0.5601749035811334,0.2028918130005326,0.6861580151527287,0.3486538240610253,0.26146699875364254,0.27160098062921834,0.2689377351538716,0.44964112441198095,0.32758167344369366,0.40387367796124496,0.23498635236099172,0.4555182285337678,0.4053842143830848,0.47736590247074784,0.39359559637945524,0.5437016220557191,0.5433403548532186,0.2715604715887671,0.39104574185721674,0.1697940082795054,0.32126815776005035,0.3412064242468866,0.19251295165178386
0.12469576250477334,0.14758845531969744,0.5093808358952254,0.3388284039708127,0.48709123909964447,0.40361124051759056,0.36876533991202354,0.3788571057454115,0.2384544494627257,0.3173018787623026,0.41490309890319127,0.32865814761924056,0.2843512582656667,0.44081620064362537,0.31417958310822547,0.3224904490905219,0.44823917145376757,0.3630331198254179,0.3793278362535406,0.37093376029565434,0.2394185719756007,0.24910063497362517,0.2097192393202666,0.5488573559337849,0.4635638945249338,0.4155887622802998,0.27161864519299284,0.2610904428544345
